As It Was,2
Sunroof,1
Dreamland (+ Bonus Levels),1
About Damn Time,1
Glimpse of Us,1
Gemini Rights,1
STAY (with Justin Bieber),1
Enemy (with JID) [from the series Arcane League of Legends],1
First Class,1
Afraid To Feel,1
Betty (Get Money),1
abcdefu,1
Being Good Is Boring,1
MIDDLE OF THE NIGHT,1
Envolver,1
AMG,1
SNAP,1
Baby Girl,1
Flex On My Ex (with Bankrol Hayden),1
Death of a Bachelor,1
The Plan,1
Thousand Miles,1
INDUSTRY BABY (feat. Jack Harlow),1
Until I Found You,1
Cold As Ice,1
Cooped Up,1
TO THE MOON,1
Dreamer,1
Left and Right (Charlie Puth) [feat. Jung Kook of BTS] [Sped Up Version],1
Pepas,1
Familia,1
Fever (Remix),1
On My Way!,1
Long Way Down (Deluxe),1
Frozen,1
Riptide,1
Down Under (feat. Colin Hay),1
THE ANXIETY,1
When You're Gone,1
That Bxtch,1
Long Road,1
Without You,2
Light Switch (Instrumental),1
I Wanna Know,1
"1, 2, 3 (feat. Jason Derulo & De La Ghetto)",1
credit union,1
CKay The First,1
Bad Habits,1
Leap of Faith,1
Ocean Eyes,1
Chaa Chaa Chaa (feat. HoodCelebrityy),1
Harry's House,1
Moi... Lolita,1
Warning / Signs,1
Serenity,1
MAMIII,1
Running To You (feat. Caden),1
Good Morning,1
MONTERO (Call Me By Your Name),1
Tainted Love,1
Build a Bitch,1
SAD GIRLZ LUV MONEY Remix (feat. Kali Uchis and Moliy),1
Can't Get You Out of My Head,1
MONTERO,1
We Know,1
The Lockdown Sessions,1
Jiggle Jiggle,1
channel ORANGE,1
Would I Lie to You,1
Crazy,1
"Ugly is Beautiful: Shorter, Thicker & Uglier (Deluxe)",1
Dinero,1
Pieces,1
SALES LP,1
Looking for Love,1
edamame (feat. Rich Brian),1
I Hate U,1
She Wolf (Falling to Pieces),1
Memories,1
Ameno Amapiano Remix (You Wanna Bamba),1
Say My Name,1
Planet Her,4
Leave The Door Open,1
I AM WOMAN,1
Paint It Black,1
Vacation,1
Free Falling Love,1
Ocean Drive,1
Kiss Me More (feat. SZA),1
Chosen,1
The Hills,1
Young Folks,1
SOUR,1
Complicated,1
Jalebi Baby (Tesher x Jason Derulo),1
You Don't Know Me,1
Doo-Wops & Hooligans,1
Say It Right,2
Astronaut In The Ocean,1
Creep,1
Counting Stars,1
Buss It,1
When You Were Young,1
Apologize,1
Beauty And A Beat,1
Why (with WLHELMINA),1
Better Days (NEIKED x Mae Muller x Polo G),1
The Motto,1
Whatever You Like,1
LALISA,1
Freaks,1
Heart of Glass,1
After Hours,2
Thot Shit,1
Mr. Saxobeat,1
Moves Like Jagger,1
Pumped Up Kicks,1
JORDI (Deluxe),1
RAPSTAR,1
Lies,1
Ready 4 Luv (TMLH Summer Mix),1
Wellerman (Sea Shanty / 220 KID x Billen Ted Remix),1
So Pretty,1
Todo De Ti,1
Escapism: Instrumentals,1
Justice,1
positions,1
Slow Down,1
What If,1
Running Away,1
Aesthetic,1
Future Nostalgia,2
Work from Home,1
Bundles (feat. Taylor Girlz),1
I Love You.,1
Follow Me,1
Calling My Phone,1
Wicked Game,1
Whoopty,1
Dopamine,1
On My Way,2
How Can You Mend A Broken Heart,1
Friday (feat. Mufasa & Hypeman) [Dopamine Re-Edit],1
PAPI JUANCHO,1
Mood (feat. iann dior),1
Paid,1
drivers license,1
"Lemonade (feat. Gunna, Don Toliver & NAV)",1
K Boy Bye,1
Up (Instrumental),1
Just The Two of Us,1
Play With Me,1
Best Friend (feat. Doja Cat) [Remix EP],1
The Papercut Chronicles,1
Forever,2
The Business,1
Sin Miedo (del Amor y Otros Demonios) ∞,1
"Gravity (feat. Tyler, The Creator)",1
Positions (Deluxe),1
Feel Your Love,1
Lost on You,1
Good Days,1
Shoot For The Stars Aim For The Moon,3
Rude Boy,1
WAP (feat. Megan Thee Stallion),1
Savage Love (Laxed - Siren Beat),1
deadroses,1
HOLIDAY,1
F*CK LOVE (SAVAGE),1
Fly,1
BLAME IT ON BABY,1
Positions,1
Rover (feat. DTG),1
Put Your Records On,1
Therefore I Am,1
Wild & Free,1
Glad You Came,1
BeVerly Hills BoYfRiEnd,1
TKN (feat. Travis Scott),1
Cry Baby (Deluxe Edition),1
Freak,1
Falling Down,1
ARDIPITHECUS,1
Banana (feat. Shaggy) [DJ FLe - Minisiren Remix],1
Over You,1
QUAVO HUNCHO,1
The Boss,1
Party Girl,1
Love Me Again,1
Renee,1
Don't Rush (feat. Headie One),1
Right Here Waiting,1
THE SCOTTS,1
Cool for the Summer,1
Kiss Me,1
Red Flag,1
One Too Many Times,1
Boys Ain't Shit,1
Boss Bitch,1
Only Girl,1
Tap In,1
Rather Be,1
Suga,1
Certified Hitmaker,1
Astronomia,1
Please Excuse Me for Being Antisocial,1
What's up?,1
STELLA & STEVE,1
Dark Lane Demo Tapes,1
Don't Start Now,1
Be Kind (with Halsey),1
Changes,1
Old Times,1
"Hey, Soul Sister",1
Later Bitches,1
Life Is Good (feat. Drake),1
WHATS POPPIN,1
Let Her Go,1
Where the Light Is,1
DÁKITI,1
Hot Pink,1
Falling,1
Let It Go,1
death bed (coffee for your head),1
That Way,1
By Your Side,1
KIRK,1
JACKBOYS,1
Blinding Lights,1
When the Sun Goes Down,1
Skechers,1
ROXANNE,1
Bag Raiders (Deluxe),1
The Git Up,1
Payphone,1
I Don't Care (with Justin Bieber),1
hot girl bummer,1
Demons,1
Red Pill Blues (Deluxe),1
Without Me,1
The World Is Yours,1
California Dreaming,1
Rockstar,1
Falling for U,1
Lovely,1
Currents,1
Safe Haven,1
"Honestly, Nevermind",1
Good Looking,1
INFERNO,1
