As It Was,"['As It Was', 'As It Was']"
Sunroof,['Sunroof']
Dreamland (+ Bonus Levels),['Heat Waves']
About Damn Time,['About Damn Time']
Glimpse of Us,['Glimpse of Us']
Gemini Rights,['Bad Habit']
STAY (with Justin Bieber),['STAY (with Justin Bieber)']
Enemy (with JID) [from the series Arcane League of Legends],['Enemy (with JID) - from the series Arcane League of Legends']
First Class,['First Class']
Afraid To Feel,['Afraid To Feel']
Betty (Get Money),['Betty (Get Money)']
abcdefu,['abcdefu']
Being Good Is Boring,['Being Good Is Boring']
MIDDLE OF THE NIGHT,['MIDDLE OF THE NIGHT']
Envolver,['Envolver']
AMG,['AMG']
SNAP,['SNAP']
Baby Girl,['Baby Girl']
Flex On My Ex (with Bankrol Hayden),['Flex On My Ex (with Bankrol Hayden)']
Death of a Bachelor,['House of Memories']
The Plan,['The Plan']
Thousand Miles,['Thousand Miles']
INDUSTRY BABY (feat. Jack Harlow),['INDUSTRY BABY (feat. Jack Harlow)']
Until I Found You,['Until I Found You']
Cold As Ice,['Oh No']
Cooped Up,['Cooped Up (with Roddy Ricch)']
TO THE MOON,['TO THE MOON']
Dreamer,['Dreamer']
Left and Right (Charlie Puth) [feat. Jung Kook of BTS] [Sped Up Version],['Left and Right (Charlie Puth) [feat. Jung Kook of BTS] - Sped Up Version']
Pepas,['Pepas']
Familia,['Bam Bam (feat. Ed Sheeran)']
Fever (Remix),['Fever - Remix']
On My Way!,['On My Way!']
Long Way Down (Deluxe),['Another Love']
Frozen,['Frozen']
Riptide,['Riptide']
Down Under (feat. Colin Hay),['Down Under (feat. Colin Hay)']
THE ANXIETY,['Meet Me At Our Spot']
When You're Gone,"[""When You're Gone""]"
That Bxtch,['That Bxtch']
Long Road,['Long Road']
Without You,"['Without You', 'Without You']"
Light Switch (Instrumental),['Light Switch']
I Wanna Know,['I Wanna Know']
"1, 2, 3 (feat. Jason Derulo & De La Ghetto)","['1, 2, 3 (feat. Jason Derulo & De La Ghetto)']"
credit union,['credit union']
CKay The First,['love nwantiti (ah ah ah)']
Bad Habits,['Bad Habits']
Leap of Faith,['Leap of Faith']
Ocean Eyes,['Ocean Eyes']
Chaa Chaa Chaa (feat. HoodCelebrityy),['Chaa Chaa Chaa (feat. HoodCelebrityy)']
Harry's House,['Late Night Talking']
Moi... Lolita,['Moi... Lolita']
Warning / Signs,['Warning / Signs']
Serenity,['Serenity']
MAMIII,['MAMIII']
Running To You (feat. Caden),['Running To You (feat. Caden)']
Good Morning,['Good Morning']
MONTERO (Call Me By Your Name),['MONTERO (Call Me By Your Name)']
Tainted Love,['Tainted Love']
Build a Bitch,['Build a Bitch']
SAD GIRLZ LUV MONEY Remix (feat. Kali Uchis and Moliy),['SAD GIRLZ LUV MONEY Remix (feat. Kali Uchis and Moliy)']
Can't Get You Out of My Head,"[""Can't Get You Out of My Head""]"
MONTERO,['THATS WHAT I WANT']
We Know,['We Know']
The Lockdown Sessions,['Cold Heart - PNAU Remix']
Jiggle Jiggle,['Jiggle Jiggle']
channel ORANGE,['Lost']
Would I Lie to You,['Would I Lie to You']
Crazy,['Crazy']
"Ugly is Beautiful: Shorter, Thicker & Uglier (Deluxe)",['Life Goes On']
Dinero,['Dinero']
Pieces,['Pieces']
SALES LP,['Pope Is a Rockstar']
Looking for Love,['Looking for Love']
edamame (feat. Rich Brian),['edamame (feat. Rich Brian)']
I Hate U,['I Hate U']
She Wolf (Falling to Pieces),['She Wolf (Falling to Pieces)']
Memories,['Memories']
Ameno Amapiano Remix (You Wanna Bamba),['Ameno Amapiano Remix (You Wanna Bamba)']
Say My Name,['Say My Name']
Planet Her,"['Woman', 'Need to Know', ""Ain't Shit"", 'You Right']"
Leave The Door Open,['Leave The Door Open']
I AM WOMAN,['I AM WOMAN']
Paint It Black,['Paint It Black']
Vacation,['Vacation']
Free Falling Love,['Free Falling Love']
Ocean Drive,['Ocean Drive']
Kiss Me More (feat. SZA),['Kiss Me More (feat. SZA)']
Chosen,"[""Beggin'""]"
The Hills,['The Hills']
Young Folks,['Young Folks']
SOUR,['good 4 u']
Complicated,['Complicated']
Jalebi Baby (Tesher x Jason Derulo),['Jalebi Baby (Tesher x Jason Derulo)']
You Don't Know Me,"[""You Don't Know Me""]"
Doo-Wops & Hooligans,['Talking to the Moon']
Say It Right,"['Say It Right', 'Say It Right']"
Astronaut In The Ocean,['Astronaut In The Ocean']
Creep,['Creep']
Counting Stars,['Counting Stars']
Buss It,['Buss It']
When You Were Young,['When You Were Young']
Apologize,['Apologize']
Beauty And A Beat,['Beauty And A Beat']
Why (with WLHELMINA),['Why']
Better Days (NEIKED x Mae Muller x Polo G),['Better Days (NEIKED x Mae Muller x Polo G)']
The Motto,['The Motto']
Whatever You Like,['Whatever You Like']
LALISA,['MONEY']
Freaks,['Freaks']
Heart of Glass,['Heart of Glass']
After Hours,"['Blinding Lights', 'In Your Eyes']"
Thot Shit,['Thot Shit']
Mr. Saxobeat,['Mr. Saxobeat']
Moves Like Jagger,['Moves Like Jagger']
Pumped Up Kicks,['Pumped Up Kicks']
JORDI (Deluxe),['Beautiful Mistakes (feat. Megan Thee Stallion)']
RAPSTAR,['RAPSTAR']
Lies,['Lies']
Ready 4 Luv (TMLH Summer Mix),['Ready 4 Luv - TMLH Summer Mix']
Wellerman (Sea Shanty / 220 KID x Billen Ted Remix),['Wellerman - Sea Shanty / 220 KID x Billen Ted Remix']
So Pretty,['So Pretty']
Todo De Ti,['Todo De Ti']
Escapism: Instrumentals,['Write This Down (Instrumental)']
Justice,['Peaches (feat. Daniel Caesar & Giveon)']
positions,['positions']
Slow Down,['Slow Down']
What If,['What If']
Running Away,['Running Away']
Aesthetic,['Aesthetic']
Future Nostalgia,"['Levitating (feat. DaBaby)', 'Break My Heart']"
Work from Home,['Work from Home']
Bundles (feat. Taylor Girlz),['Bundles (feat. Taylor Girlz)']
I Love You.,['Sweater Weather']
Follow Me,['Follow Me']
Calling My Phone,['Calling My Phone']
Wicked Game,['Wicked Game']
Whoopty,['Whoopty']
Dopamine,['Electric Love']
On My Way,"['When Hello Means Goodbye', 'On My Way']"
How Can You Mend A Broken Heart,"['More Than A Woman - From ""Saturday Night Fever"" Soundtrack']"
Friday (feat. Mufasa & Hypeman) [Dopamine Re-Edit],['Friday (feat. Mufasa & Hypeman) - Dopamine Re-Edit']
PAPI JUANCHO,['Hawái']
Mood (feat. iann dior),['Mood (feat. iann dior)']
Paid,['Paid']
drivers license,['drivers license']
"Lemonade (feat. Gunna, Don Toliver & NAV)",['Lemonade']
K Boy Bye,['K Boy Bye']
Up (Instrumental),['Up']
Just The Two of Us,['Just The Two of Us']
Play With Me,['Play With Me']
Best Friend (feat. Doja Cat) [Remix EP],['Best Friend (feat. Doja Cat)']
The Papercut Chronicles,"[""Cupid's Chokehold / Breakfast in America""]"
Forever,"['Forever', 'Forever']"
The Business,['The Business']
Sin Miedo (del Amor y Otros Demonios) ∞,['telepatía']
"Gravity (feat. Tyler, The Creator)","['Gravity (feat. Tyler, The Creator)']"
Positions (Deluxe),['motive (with Doja Cat)']
Feel Your Love,['Feel Your Love']
Lost on You,['Lost on You']
Good Days,['Good Days']
Shoot For The Stars Aim For The Moon,"['What You Know Bout Love', 'Mood Swings (feat. Lil Tjay)', 'For The Night (feat. Lil Baby & DaBaby)']"
Rude Boy,['Rude Boy']
WAP (feat. Megan Thee Stallion),['WAP (feat. Megan Thee Stallion)']
Savage Love (Laxed - Siren Beat),['Savage Love (Laxed - Siren Beat)']
deadroses,['dirty laundry']
HOLIDAY,['HOLIDAY']
F*CK LOVE (SAVAGE),['WITHOUT YOU']
Fly,['Fly']
BLAME IT ON BABY,['ROCKSTAR (feat. Roddy Ricch)']
Positions,['34+35']
Rover (feat. DTG),['Rover (feat. DTG)']
Put Your Records On,['Put Your Records On']
Therefore I Am,['Therefore I Am']
Wild & Free,['Wild & Free']
Glad You Came,['Glad You Came']
BeVerly Hills BoYfRiEnd,['Backyard Boy']
TKN (feat. Travis Scott),['TKN (feat. Travis Scott)']
Cry Baby (Deluxe Edition),['Play Date']
Freak,['Freak']
Falling Down,['Falling Down']
ARDIPITHECUS,['Wait a Minute!']
Banana (feat. Shaggy) [DJ FLe - Minisiren Remix],['Banana (feat. Shaggy) - DJ FLe - Minisiren Remix']
Over You,['Over You']
QUAVO HUNCHO,['FLIP THE SWITCH (feat. Drake)']
The Boss,['The Boss']
Party Girl,['Party Girl']
Love Me Again,['Love Me Again']
Renee,['Renee']
Don't Rush (feat. Headie One),"[""Don't Rush (feat. Headie One)""]"
Right Here Waiting,['Right Here Waiting']
THE SCOTTS,['THE SCOTTS']
Cool for the Summer,['Cool for the Summer']
Kiss Me,['Kiss Me']
Red Flag,['Red Flag']
One Too Many Times,['One too Many Times']
Boys Ain't Shit,"[""Boys Ain't Shit""]"
Boss Bitch,['Boss Bitch']
Only Girl,['Only Girl']
Tap In,['Tap In']
Rather Be,['Rather Be']
Suga,['Savage']
Certified Hitmaker,['Blueberry Faygo']
Astronomia,['Astronomia']
Please Excuse Me for Being Antisocial,['The Box']
What's up?,"[""What's up?""]"
STELLA & STEVE,['Supalonely']
Dark Lane Demo Tapes,['Toosie Slide']
Don't Start Now,"[""Don't Start Now""]"
Be Kind (with Halsey),['Be Kind (with Halsey)']
Changes,['Intentions (feat. Quavo)']
Old Times,['Old Times']
"Hey, Soul Sister","['Hey, Soul Sister']"
Later Bitches,['Later Bitches']
Life Is Good (feat. Drake),['Life Is Good (feat. Drake)']
WHATS POPPIN,['WHATS POPPIN']
Let Her Go,['Let Her Go']
Where the Light Is,['Sunday Best']
DÁKITI,['DÁKITI']
Hot Pink,['Say So']
Falling,['Falling']
Let It Go,['Let It Go']
death bed (coffee for your head),['death bed (coffee for your head)']
That Way,['That Way']
By Your Side,"[""Baby I'm Yours""]"
KIRK,['BOP']
JACKBOYS,['OUT WEST (feat. Young Thug)']
Blinding Lights,['Blinding Lights']
When the Sun Goes Down,['When the Sun Goes Down']
Skechers,['Skechers']
ROXANNE,['ROXANNE']
Bag Raiders (Deluxe),['Shooting Stars']
The Git Up,['The Git Up']
Payphone,['Payphone']
I Don't Care (with Justin Bieber),"[""I Don't Care (with Justin Bieber)""]"
hot girl bummer,['hot girl bummer']
Demons,['Demons']
Red Pill Blues (Deluxe),['Girls Like You (feat. Cardi B) - Cardi B Version']
Without Me,['Without Me']
The World Is Yours,['Plug Walk']
California Dreaming,['California Dreaming']
Rockstar,['Rockstar']
Falling for U,['Falling for U']
Lovely,['Lovely']
Currents,['The Less I Know The Better']
Safe Haven,['Dandelions']
"Honestly, Nevermind",['Jimmy Cooks (feat. 21 Savage)']
Good Looking,['Good Looking']
INFERNO,['INFERNO']
